{
  "build_success": true,
  "vet_warnings": 0,
  "lint_warnings": 3,
  "tests_pass": true,
  "coverage_pct": 53.3,
  "cyclomatic_avg": 1.5217391304347827,
  "gen_time_sec": 1.121317027,
  "timestamp": "2025-10-20T01:59:49+03:00"
}