{
  "build_success": true,
  "vet_warnings": 0,
  "lint_warnings": 3,
  "tests_pass": true,
  "coverage_pct": 53.3,
  "cyclomatic_avg": 1.5405405405405406,
  "gen_time_sec": 0.711859714,
  "timestamp": "2025-10-19T23:51:55+03:00"
}