{
  "build_success": true,
  "vet_warnings": 0,
  "lint_warnings": 3,
  "tests_pass": true,
  "coverage_pct": 37.5,
  "cyclomatic_avg": 1.4761904761904763,
  "gen_time_sec": 1.008297219,
  "timestamp": "2025-10-20T00:12:31+03:00"
}