{
  "build_success": true,
  "vet_warnings": 0,
  "lint_warnings": 3,
  "tests_pass": true,
  "coverage_pct": 35.6,
  "cyclomatic_avg": 1.4761904761904763,
  "gen_time_sec": 1.070974809,
  "timestamp": "2025-10-20T04:21:21+03:00"
}