{
  "build_success": true,
  "vet_warnings": 0,
  "lint_warnings": 0,
  "tests_pass": true,
  "coverage_pct": 72.2,
  "cyclomatic_avg": 3.129032258064516,
  "gen_time_sec": 1.0728107119999999,
  "timestamp": "2025-10-22T01:35:13+03:00"
}