{
  "build_success": false,
  "vet_warnings": 12,
  "lint_warnings": 36,
  "tests_pass": false,
  "coverage_pct": 0,
  "cyclomatic_avg": 3.8461538461538463,
  "gen_time_sec": 0.749535951,
  "timestamp": "2025-10-30T21:51:42+02:00"
}