{
  "build_success": true,
  "vet_warnings": 0,
  "lint_warnings": 2,
  "tests_pass": true,
  "coverage_pct": 53.3,
  "cyclomatic_avg": 1.4444444444444444,
  "gen_time_sec": 1.000464531,
  "timestamp": "2025-10-19T21:44:28+03:00"
}