{
  "build_success": true,
  "vet_warnings": 0,
  "lint_warnings": 2,
  "tests_pass": true,
  "coverage_pct": 53.3,
  "cyclomatic_avg": 1.4444444444444444,
  "gen_time_sec": 0.869490179,
  "timestamp": "2025-10-20T04:27:27+03:00"
}