{
  "build_success": true,
  "vet_warnings": 0,
  "lint_warnings": 3,
  "tests_pass": true,
  "coverage_pct": 35.6,
  "cyclomatic_avg": 1.4761904761904763,
  "gen_time_sec": 0.876233587,
  "timestamp": "2025-10-19T21:40:58+03:00"
}