{
  "build_success": true,
  "vet_warnings": 0,
  "lint_warnings": 4,
  "tests_pass": true,
  "coverage_pct": 53.3,
  "cyclomatic_avg": 1.4444444444444444,
  "gen_time_sec": 0.966849957,
  "timestamp": "2025-10-20T04:21:56+03:00"
}