{
  "build_success": true,
  "vet_warnings": 0,
  "lint_warnings": 0,
  "tests_pass": true,
  "coverage_pct": 72.2,
  "cyclomatic_avg": 3.1153846153846154,
  "gen_time_sec": 1.127684148,
  "timestamp": "2025-10-21T04:43:20+03:00"
}