{
  "build_success": true,
  "vet_warnings": 0,
  "lint_warnings": 0,
  "tests_pass": true,
  "coverage_pct": 72.2,
  "cyclomatic_avg": 3.0952380952380953,
  "gen_time_sec": 1.136579623,
  "timestamp": "2025-10-21T01:29:27+03:00"
}