{
  "build_success": false,
  "vet_warnings": 12,
  "lint_warnings": 38,
  "tests_pass": false,
  "coverage_pct": 0,
  "cyclomatic_avg": 3.3333333333333335,
  "gen_time_sec": 0.617044178,
  "timestamp": "2025-10-30T21:46:44+02:00"
}