{
  "build_success": false,
  "vet_warnings": 12,
  "lint_warnings": 24,
  "tests_pass": false,
  "coverage_pct": 0,
  "cyclomatic_avg": 3.6666666666666665,
  "gen_time_sec": 1.006982406,
  "timestamp": "2025-10-30T21:24:55+02:00"
}