{
  "build_success": true,
  "vet_warnings": 0,
  "lint_warnings": 0,
  "tests_pass": true,
  "coverage_pct": 72.2,
  "cyclomatic_avg": 3.1153846153846154,
  "gen_time_sec": 0.796578884,
  "timestamp": "2025-10-19T23:32:18+03:00"
}