{
  "build_success": true,
  "vet_warnings": 0,
  "lint_warnings": 3,
  "tests_pass": true,
  "coverage_pct": 53.3,
  "cyclomatic_avg": 1.5217391304347827,
  "gen_time_sec": 0.973163475,
  "timestamp": "2025-10-20T00:32:12+03:00"
}