{
  "build_success": true,
  "vet_warnings": 0,
  "lint_warnings": 3,
  "tests_pass": true,
  "coverage_pct": 57.1,
  "cyclomatic_avg": 1.7692307692307692,
  "gen_time_sec": 0.945290474,
  "timestamp": "2025-10-20T02:55:17+03:00"
}