{
  "build_success": true,
  "vet_warnings": 0,
  "lint_warnings": 3,
  "tests_pass": true,
  "coverage_pct": 57.1,
  "cyclomatic_avg": 1.7692307692307692,
  "gen_time_sec": 0.809523783,
  "timestamp": "2025-10-19T21:01:51+03:00"
}