{
  "build_success": true,
  "vet_warnings": 0,
  "lint_warnings": 4,
  "tests_pass": true,
  "coverage_pct": 53.3,
  "cyclomatic_avg": 1.4444444444444444,
  "gen_time_sec": 1.157588399,
  "timestamp": "2025-10-19T21:41:14+03:00"
}