{
  "build_success": true,
  "vet_warnings": 0,
  "lint_warnings": 0,
  "tests_pass": true,
  "coverage_pct": 72.2,
  "cyclomatic_avg": 3.1153846153846154,
  "gen_time_sec": 1.073347384,
  "timestamp": "2025-10-20T23:55:51+03:00"
}