{
  "build_success": true,
  "vet_warnings": 0,
  "lint_warnings": 0,
  "tests_pass": true,
  "coverage_pct": 72.2,
  "cyclomatic_avg": 3.0952380952380953,
  "gen_time_sec": 1.184981225,
  "timestamp": "2025-10-19T20:45:47+03:00"
}