{
  "build_success": true,
  "vet_warnings": 0,
  "lint_warnings": 3,
  "tests_pass": true,
  "coverage_pct": 53.3,
  "cyclomatic_avg": 1.5333333333333334,
  "gen_time_sec": 0.860434337,
  "timestamp": "2025-10-19T20:52:11+03:00"
}