{
  "build_success": true,
  "vet_warnings": 0,
  "lint_warnings": 0,
  "tests_pass": true,
  "coverage_pct": 72.2,
  "cyclomatic_avg": 3.1463414634146343,
  "gen_time_sec": 0.849818881,
  "timestamp": "2025-10-22T01:36:10+03:00"
}