{
  "build_success": true,
  "vet_warnings": 0,
  "lint_warnings": 3,
  "tests_pass": true,
  "coverage_pct": 56.2,
  "cyclomatic_avg": 1.5217391304347827,
  "gen_time_sec": 1.153102382,
  "timestamp": "2025-10-19T21:39:52+03:00"
}